{"cameraMode":{"drawMode":0,"name":"Shaded","section":"Shading Mode"},"sceneLighting":true,"audioPlay":false,"sceneViewState":{"showFog":true,"showMaterialUpdate":true,"showSkybox":true,"showFlares":true,"showImageEffects":true,"showParticleSystems":true},"in2DMode":false,"pivot":{"x":0.8230016231536865,"y":-1.0970698595046998,"z":2.2197980880737306},"rotation":{"x":0.3719216585159302,"y":-0.00368556659668684,"z":0.0021208603866398336,"w":0.928456723690033},"size":3.042605400085449,"orthographic":false}