{"cameraMode":{"drawMode":0,"name":"Shaded","section":"Shading Mode"},"sceneLighting":true,"audioPlay":false,"sceneViewState":{"showFog":true,"showMaterialUpdate":true,"showSkybox":true,"showFlares":true,"showImageEffects":true,"showParticleSystems":true},"in2DMode":false,"pivot":{"x":74.199462890625,"y":-0.6232099533081055,"z":2.066648483276367},"rotation":{"x":-0.197378009557724,"y":0.41051891446113589,"z":-0.09150265902280808,"w":-0.8855223059654236},"size":7.478097915649414,"orthographic":false}