{"cameraMode":{"drawMode":0,"name":"Shaded","section":"Shading Mode"},"sceneLighting":true,"audioPlay":false,"sceneViewState":{"showFog":true,"showMaterialUpdate":true,"showSkybox":true,"showFlares":true,"showImageEffects":true,"showParticleSystems":true},"in2DMode":false,"pivot":{"x":76.86416625976563,"y":0.5111160278320313,"z":-3.2188148498535158},"rotation":{"x":-0.2463184893131256,"y":0.15821689367294312,"z":-0.04072115570306778,"w":-0.9554034471511841},"size":14.489270210266114,"orthographic":false}