{"cameraMode":{"drawMode":0,"name":"Shaded","section":"Shading Mode"},"sceneLighting":true,"audioPlay":false,"sceneViewState":{"showFog":true,"showMaterialUpdate":false,"showSkybox":true,"showFlares":true,"showImageEffects":true,"showParticleSystems":true},"in2DMode":false,"pivot":{"x":-0.4982469379901886,"y":-0.4159652590751648,"z":-0.552492082118988},"rotation":{"x":0.5422618389129639,"y":-0.16336795687675477,"z":0.10655858367681503,"w":0.8176416754722595},"size":2.75718092918396,"orthographic":false}