{"cameraMode":{"drawMode":0,"name":"Shaded","section":"Shading Mode"},"sceneLighting":false,"audioPlay":false,"sceneViewState":{"showFog":true,"showMaterialUpdate":false,"showSkybox":true,"showFlares":true,"showImageEffects":true,"showParticleSystems":true},"in2DMode":false,"pivot":{"x":-13.83665943145752,"y":1.6120307445526124,"z":-28.73526954650879},"rotation":{"x":-0.33000773191452029,"y":-0.0008528099860996008,"z":0.00029746038489975035,"w":-0.94398432970047},"size":10.680839538574219,"orthographic":false}