{"cameraMode":{"drawMode":0,"name":"Shaded","section":"Shading Mode"},"sceneLighting":true,"audioPlay":false,"sceneViewState":{"showFog":true,"showMaterialUpdate":true,"showSkybox":true,"showFlares":true,"showImageEffects":true,"showParticleSystems":true},"in2DMode":false,"pivot":{"x":0.2324264496564865,"y":2.6900970935821535,"z":-2.4854745864868166},"rotation":{"x":-0.13017740845680238,"y":0.018565550446510316,"z":-0.0018090762896463276,"w":-0.9917210936546326},"size":2.7836086750030519,"orthographic":false}