{"cameraMode":{"drawMode":0,"name":"Shaded","section":"Shading Mode"},"sceneLighting":true,"audioPlay":false,"sceneViewState":{"showFog":true,"showMaterialUpdate":true,"showSkybox":true,"showFlares":true,"showImageEffects":true,"showParticleSystems":true},"in2DMode":false,"pivot":{"x":73.42394256591797,"y":-1.303581953048706,"z":2.951932430267334},"rotation":{"x":-0.42108410596847536,"y":0.04417799413204193,"z":-0.02033812738955021,"w":-0.9061369895935059},"size":6.524382591247559,"orthographic":false}