{"cameraMode":{"drawMode":0,"name":"Shaded","section":"Shading Mode"},"sceneLighting":false,"audioPlay":false,"sceneViewState":{"showFog":true,"showMaterialUpdate":false,"showSkybox":true,"showFlares":true,"showImageEffects":true,"showParticleSystems":true},"in2DMode":false,"pivot":{"x":-15.153532028198243,"y":-0.2873247265815735,"z":-24.321491241455079},"rotation":{"x":-0.3186156153678894,"y":-0.015073432587087155,"z":0.005067594815045595,"w":-0.9477570652961731},"size":14.291017532348633,"orthographic":false}