{"cameraMode":{"drawMode":0,"name":"Shaded","section":"Shading Mode"},"sceneLighting":true,"audioPlay":false,"sceneViewState":{"showFog":true,"showMaterialUpdate":true,"showSkybox":true,"showFlares":true,"showImageEffects":true,"showParticleSystems":true},"in2DMode":false,"pivot":{"x":-0.081790030002594,"y":0.32286351919174197,"z":0.12139314413070679},"rotation":{"x":0.23335464298725129,"y":-0.1025458350777626,"z":0.024864444509148599,"w":0.9674137830734253},"size":1.1263763904571534,"orthographic":false}