{"cameraMode":{"drawMode":0,"name":"Shaded","section":"Shading Mode"},"sceneLighting":true,"audioPlay":false,"sceneViewState":{"showFog":true,"showMaterialUpdate":false,"showSkybox":true,"showFlares":true,"showImageEffects":true,"showParticleSystems":true},"in2DMode":false,"pivot":{"x":-3.894429922103882,"y":1.101894497871399,"z":-1.3144680261611939},"rotation":{"x":-0.24439576268196107,"y":0.02367575280368328,"z":-0.005547673907130957,"w":-0.969586193561554},"size":2.2245776653289797,"orthographic":false}