{"cameraMode":{"drawMode":0,"name":"Shaded","section":"Shading Mode"},"sceneLighting":true,"audioPlay":false,"sceneViewState":{"showFog":true,"showMaterialUpdate":true,"showSkybox":true,"showFlares":true,"showImageEffects":true,"showParticleSystems":true},"in2DMode":false,"pivot":{"x":77.76008605957031,"y":0.7234104871749878,"z":2.110976457595825},"rotation":{"x":0.2643272578716278,"y":0.054838865995407107,"z":-0.015420613810420037,"w":0.9629915952682495},"size":19.49982452392578,"orthographic":false}