{"cameraMode":{"drawMode":0,"name":"Shaded","section":"Shading Mode"},"sceneLighting":true,"audioPlay":false,"sceneViewState":{"showFog":true,"showMaterialUpdate":false,"showSkybox":true,"showFlares":true,"showImageEffects":true,"showParticleSystems":true},"in2DMode":false,"pivot":{"x":-0.03146849572658539,"y":-0.8846570253372192,"z":-0.36929643154144289},"rotation":{"x":-0.5661553144454956,"y":-0.003230266273021698,"z":0.0021893708035349848,"w":-0.8243447542190552},"size":3.588135242462158,"orthographic":false}