{"cameraMode":{"drawMode":0,"name":"Shaded","section":"Shading Mode"},"sceneLighting":false,"audioPlay":false,"sceneViewState":{"showFog":true,"showMaterialUpdate":true,"showSkybox":true,"showFlares":true,"showImageEffects":true,"showParticleSystems":true},"in2DMode":false,"pivot":{"x":71.68999481201172,"y":0.499999463558197,"z":3.8000001907348635},"rotation":{"x":-0.40404012799263,"y":0.00006803228461649269,"z":0.0007670374470762908,"w":-0.9150365591049194},"size":0.866025447845459,"orthographic":false}