{"cameraMode":{"drawMode":0,"name":"Shaded","section":"Shading Mode"},"sceneLighting":true,"audioPlay":false,"sceneViewState":{"showFog":true,"showMaterialUpdate":true,"showSkybox":true,"showFlares":true,"showImageEffects":true,"showParticleSystems":true},"in2DMode":false,"pivot":{"x":1.43367600440979,"y":-0.39876991510391238,"z":-0.2514643967151642},"rotation":{"x":0.19170092046260835,"y":-0.2616143822669983,"z":0.053851280361413959,"w":0.9446718096733093},"size":2.291902780532837,"orthographic":false}