{"cameraMode":{"drawMode":0,"name":"Shaded","section":"Shading Mode"},"sceneLighting":true,"audioPlay":false,"sceneViewState":{"showFog":true,"showMaterialUpdate":false,"showSkybox":true,"showFlares":true,"showImageEffects":true,"showParticleSystems":true},"in2DMode":false,"pivot":{"x":-3.439329147338867,"y":-1.0168671607971192,"z":1.7446093559265137},"rotation":{"x":-0.3606798052787781,"y":0.010917517356574536,"z":-0.004197578877210617,"w":-0.9326554536819458},"size":4.497042179107666,"orthographic":false}