{"cameraMode":{"drawMode":0,"name":"Shaded","section":"Shading Mode"},"sceneLighting":true,"audioPlay":false,"sceneViewState":{"showFog":true,"showMaterialUpdate":true,"showSkybox":true,"showFlares":true,"showImageEffects":true,"showParticleSystems":true},"in2DMode":false,"pivot":{"x":0.7013127207756043,"y":1.7009303569793702,"z":2.6531782150268556},"rotation":{"x":-0.1541055291891098,"y":-0.035559870302677158,"z":0.005581847857683897,"w":-0.9874947667121887},"size":3.0831844806671144,"orthographic":false}